condition,phase,lr_amortized_ns,template_amortized_ns,gain_percent,gain95_low,gain95_high
static-panel20-fresh,cold,6114.83687978277,4914.6120710935575,19.628075650839772,19.040142820099216,20.23464775556416
static-panel20-fresh,warm1,5976.202196988397,4791.414342137744,19.82509653785989,19.077901969504307,20.765231520151517
static-panel20-fresh,warm,5945.0855179791,4782.603439479964,19.553664534909753,18.755916773694903,19.972903989904434
static-panel20-reloaded,cold,5505.98279437176,4268.8776351518145,22.46838040403104,21.16134108311084,23.18165226568056
static-panel20-reloaded,warm1,5393.214959269317,4186.012811651444,22.383720225040438,21.46696344500927,23.14372735529631
static-panel20-reloaded,warm,5386.754455689953,4187.91559285773,22.25530925334653,21.71755963904727,22.78039602736317
static-js-fresh,cold,17993.9470602586,16313.51122224933,9.338895087230071,8.171537422038256,10.2740426473927
static-js-fresh,warm1,17631.472798243474,16241.041351549158,7.886076577975021,6.740255001459483,9.624045015235883
static-js-fresh,warm,17674.00475725787,16201.576807351386,8.33103741981187,7.146388512585656,10.040893420743425
static-js-reloaded,cold,18152.612466455234,16867.921200292752,7.077170123785215,5.882658416259002,7.863568412187805
static-js-reloaded,warm1,18266.514515735544,16780.539643815566,8.134966693508483,5.730672999787034,8.814611744083223
static-js-reloaded,warm,18244.81149873953,16773.65068715947,8.06344758169576,6.552208046495753,8.588254101856785
o2-panel20-fresh,cold,14462.68151073809,10910.58348555912,24.560438688646002,23.692677923714957,24.96007677394608
o2-panel20-fresh,warm1,7051.8231794618605,4549.492890644286,35.48487001355206,34.34279545741482,36.33342344269068
o2-panel20-fresh,warm,6923.30178556735,4370.149913601579,36.87766258128736,35.75311227593996,37.62640155350009
o2-panel20-reloaded,cold,14384.934139718589,11224.177610466551,21.972686830207977,20.95485101658636,23.27150556878634
o2-panel20-reloaded,warm1,7063.294692668476,4758.518563317699,32.63032663415668,31.99376213716283,33.56716654823008
o2-panel20-reloaded,warm,6876.576507858143,4583.969159878219,33.33937091167485,32.59202204029995,33.75418558923761
o2-js-fresh,cold,297338.2748231276,200806.30056111247,32.46537107253932,31.952959211933408,33.18535889728924
o2-js-fresh,warm1,21828.159551110028,13186.765674554768,39.58828437331914,39.19996357945619,40.05729495943715
o2-js-fresh,warm,21685.360819712125,13167.908636252745,39.27742892669309,38.9286880446151,39.98828599811163
o2-js-reloaded,cold,294797.06635764823,206967.56367406686,29.793207839126357,29.311840861495746,30.279224536640825
o2-js-reloaded,warm1,21704.50121980971,15799.431324713345,27.20666020054312,26.612696470179642,27.80777846940832
o2-js-reloaded,warm,21567.709116044563,15739.808245913639,27.021418170905577,26.595099016734814,27.891956579772735
