mode,corpus,problem_id,backend,self_contained_bytes,stored_parser_bytes,external_bytes,external_parser_bytes
static,panel20,jsb/data/Github_medium---o83131,table,2386496,50746,,
static,panel20,jsb/data/Github_medium---o83131,template,2328649,7373,976881,7373
static,panel20,jsb/data/Github_hard---o63198,table,2325367,36653,,
static,panel20,jsb/data/Github_hard---o63198,template,2232766,4935,880998,4935
static,panel20,jsb/data/Kubernetes---kb_204_Normalized,table,2778841,125899,,
static,panel20,jsb/data/Kubernetes---kb_204_Normalized,template,2624306,14352,1272538,14352
static,panel20,jsb/data/Github_medium---o42217,table,1979563,17589,,
static,panel20,jsb/data/Github_medium---o42217,template,1930471,1759,578703,1759
static,panel20,jsb/data/Github_ultra---o6353,table,2509672,122774,,
static,panel20,jsb/data/Github_ultra---o6353,template,2352860,19424,1001088,19424
static,panel20,jsb/data/Kubernetes---kb_150_Normalized,table,5792132,369831,,
static,panel20,jsb/data/Kubernetes---kb_150_Normalized,template,5311030,51407,3959262,51407
static,panel20,jsb/data/Glaiveai2K---create_invoice_85673ce7,table,1916906,9140,,
static,panel20,jsb/data/Glaiveai2K---create_invoice_85673ce7,template,1891192,1201,539420,1201
static,panel20,jsb/data/Glaiveai2K---calculate_area_423b749e,table,1906117,10100,,
static,panel20,jsb/data/Glaiveai2K---calculate_area_423b749e,template,1878464,1304,526696,1304
static,panel20,jsb/data/Glaiveai2K---search_hotels_487ba3e4,table,1905619,8531,,
static,panel20,jsb/data/Glaiveai2K---search_hotels_487ba3e4,template,1881740,1101,529972,1101
static,panel20,jsb/data/Github_hard---o77317,table,2459637,60203,,
static,panel20,jsb/data/Github_hard---o77317,template,2378150,8575,1026382,8575
static,panel20,jsb/data/JsonSchemaStore---pyrseas-0.8,table,2990801,207175,,
static,panel20,jsb/data/JsonSchemaStore---pyrseas-0.8,template,2731887,28259,1380119,28259
static,panel20,jsb/data/Github_hard---o12335,table,2717667,68684,,
static,panel20,jsb/data/Github_hard---o12335,template,2632239,10104,1280467,10104
static,panel20,jsb/data/Github_trivial---o48162,table,2519094,1228,,
static,panel20,jsb/data/Github_trivial---o48162,template,2517148,133,1165380,133
static,panel20,jsb/data/Github_hard---o61026,table,2406945,32116,,
static,panel20,jsb/data/Github_hard---o61026,template,2314838,4759,963070,4759
static,panel20,jsb/data/JsonSchemaStore---codecov,table,2843233,140713,,
static,panel20,jsb/data/JsonSchemaStore---codecov,template,2668070,19165,1316302,19165
static,panel20,jsb/data/Github_easy---o37787,table,2248191,12431,,
static,panel20,jsb/data/Github_easy---o37787,template,2211983,1847,860215,1847
static,panel20,jsb/data/JsonSchemaStore---jscsrc,table,7343001,991254,,
static,panel20,jsb/data/JsonSchemaStore---jscsrc,template,6307404,136132,4955636,136132
static,panel20,jsb/data/Github_medium---o90755,table,2221298,18068,,
static,panel20,jsb/data/Github_medium---o90755,template,2173315,2507,821547,2507
static,panel20,jsb/data/Github_hard---o35186,table,2285672,49175,,
static,panel20,jsb/data/Github_hard---o35186,template,2218962,6343,867194,6343
static,panel20,jsb/data/Kubernetes---kb_151_Normalized,table,5792132,369831,,
static,panel20,jsb/data/Kubernetes---kb_151_Normalized,template,5311030,51407,3959262,51407
static,js,grammar_glrm/js/js,table,19248191,266366,,
static,js,grammar_glrm/js/js,template,18893392,180528,17541624,180528
o2,panel20,jsb/data/Github_medium---o83131,table,4789987,37018,820921,35134
o2,panel20,jsb/data/Github_medium---o83131,template,3635732,4906,802932,4906
o2,panel20,jsb/data/Github_hard---o63198,table,4744562,37656,781022,32536
o2,panel20,jsb/data/Github_hard---o63198,template,3611736,4756,778940,4756
o2,panel20,jsb/data/Kubernetes---kb_204_Normalized,table,5259557,127575,1172119,101309
o2,panel20,jsb/data/Kubernetes---kb_204_Normalized,template,3950036,14241,1117240,14241
o2,panel20,jsb/data/Github_medium---o42217,table,4467946,19218,597278,16318
o2,panel20,jsb/data/Github_medium---o42217,template,3420608,1649,587812,1649
o2,panel20,jsb/data/Github_ultra---o6353,table,4835454,144107,915376,95883
o2,panel20,jsb/data/Github_ultra---o6353,template,3683900,20562,851104,20562
o2,panel20,jsb/data/Kubernetes---kb_150_Normalized,table,7952451,522745,2824726,304674
o2,panel20,jsb/data/Kubernetes---kb_150_Normalized,template,5544052,52143,2711256,52143
o2,panel20,jsb/data/Glaiveai2K---create_invoice_85673ce7,table,4491785,7304,610529,6400
o2,panel20,jsb/data/Glaiveai2K---create_invoice_85673ce7,template,3442568,1099,609772,1099
o2,panel20,jsb/data/Glaiveai2K---calculate_area_423b749e,table,4475151,8961,599727,7905
o2,panel20,jsb/data/Glaiveai2K---calculate_area_423b749e,template,3430032,1241,597236,1241
o2,panel20,jsb/data/Glaiveai2K---search_hotels_487ba3e4,table,4478460,7401,601252,6557
o2,panel20,jsb/data/Glaiveai2K---search_hotels_487ba3e4,template,3432876,1014,600080,1014
o2,panel20,jsb/data/Github_hard---o77317,table,5176616,66380,1096583,45407
o2,panel20,jsb/data/Github_hard---o77317,template,3934744,8454,1101948,8454
o2,panel20,jsb/data/JsonSchemaStore---pyrseas-0.8,table,4999963,245819,1036405,174355
o2,panel20,jsb/data/JsonSchemaStore---pyrseas-0.8,template,3754856,28588,922060,28588
o2,panel20,jsb/data/Github_hard---o12335,table,4888355,58295,967945,45559
o2,panel20,jsb/data/Github_hard---o12335,template,3806016,9616,973220,9616
o2,panel20,jsb/data/Github_trivial---o48162,table,4460400,410,644248,422
o2,panel20,jsb/data/Github_trivial---o48162,template,3435908,62,603108,62
o2,panel20,jsb/data/Github_hard---o61026,table,4712379,35344,767361,28804
o2,panel20,jsb/data/Github_hard---o61026,template,3591668,4960,758872,4960
o2,panel20,jsb/data/JsonSchemaStore---codecov,table,5442537,164434,1281927,115786
o2,panel20,jsb/data/JsonSchemaStore---codecov,template,4056672,20224,1223872,20224
o2,panel20,jsb/data/Github_easy---o37787,table,4483674,10213,617404,8973
o2,panel20,jsb/data/Github_easy---o37787,template,3447856,1654,615060,1654
o2,panel20,jsb/data/JsonSchemaStore---jscsrc,table,8119172,1266680,4993990,1009091
o2,panel20,jsb/data/JsonSchemaStore---jscsrc,template,5203680,136013,2370884,136013
o2,panel20,jsb/data/Github_medium---o90755,table,4643611,17493,715099,15277
o2,panel20,jsb/data/Github_medium---o90755,template,3544244,2413,711448,2413
o2,panel20,jsb/data/Github_hard---o35186,table,4770111,51383,799611,43875
o2,panel20,jsb/data/Github_hard---o35186,template,3618956,6300,786160,6300
o2,panel20,jsb/data/Kubernetes---kb_151_Normalized,table,7952451,522745,2824726,304674
o2,panel20,jsb/data/Kubernetes---kb_151_Normalized,template,5544052,52143,2711256,52143
o2,js,grammar_glrm/js/js,table,6350694,342864,2168104,274458
o2,js,grammar_glrm/js/js,template,5132900,180528,2300104,180528
